{"cameraMode":{"drawMode":0,"name":"Shaded","section":"Shading Mode"},"sceneLighting":true,"audioPlay":false,"sceneViewState":{"showFog":true,"showMaterialUpdate":true,"showSkybox":true,"showFlares":true,"showImageEffects":true,"showParticleSystems":true},"in2DMode":false,"pivot":{"x":7.444423675537109,"y":-4.7031707763671879,"z":-7.574343681335449},"rotation":{"x":0.29168108105659487,"y":0.5106649994850159,"z":-0.18943674862384797,"w":0.7862933278083801},"size":44.126625061035159,"orthographic":false}